id,data,date,user_id
2,Welcome to my profile page,2023-12-09 22:07:00.011622,4
5,"As a student in the Medicine Faculty, my journey is driven by a deep passion for healthcare and a commitment to the core values of our esteemed institution. From the outset, I embraced the faculty's mission to graduate quality physicians who not only possess the technical skills required for medical practice but also embody a strong foundation in medical ethics.

I am dedicated to the pursuit of knowledge and continuous professional development, understanding that these qualities are essential for effective and compassionate medical care. The faculty's emphasis on specialized training, advanced scientific research, and adherence to national and international standards resonates with my aspirations to contribute to cutting-edge medical advancements.

Beyond the academic realm, I recognize the significance of serving the community and actively engaging in solutions to national health challenges. I am eager to develop a competitive edge in human resources, acknowledging that leadership and a commitment to excellence are vital components of my medical education.

Rootage, leadership, and reference are not just words but guiding principles that shape my approach to learning and practicing medicine. These values instill in me a sense of responsibility and purpose as I navigate the challenges and opportunities presented by the dynamic field of healthcare.

In essence, my journey in the Medicine Faculty is not just about acquiring a degree but about embracing a holistic education that prepares me to make a meaningful impact on the health and well-being of individuals and communities.

",2023-12-09 22:24:25.816724,5
6,"Welcome to Mahmoud Mansy's profile! 
",2023-12-09 22:38:02.470504,1
7,"

üè¢ I'm a Biomedical Engineering Undergraduate and inspierd with Data Science.",2023-12-09 22:38:07.629488,1
8,"
üë®‚Äçüíª As I'm constantly learning and exploring new technologies to improve my skills.",2023-12-09 22:38:11.875181,1
9,"
üí¨ Ask me about my experience with Python, ML, and DL, or anything related to Data Science.",2023-12-09 22:38:16.088851,1
10,"
‚ö° Fun Fact: I'm a coffee enthusiast and my perfect day would start and end with a cup of coffee.",2023-12-09 22:38:18.616345,1
11,welcome,2023-12-10 13:56:59.535963,1
12,z,2023-12-10 13:58:17.102090,6
13,Body's Profile,2023-12-10 20:36:33.318049,4
15,Welcome,2023-12-11 05:28:56.598977,7
16,From a phone,2023-12-11 05:32:17.876678,7
